ID_LOCAL,NOMBRE_LOCAL,DISTRITO,LAT,LONG,NUM_MESAS_LOCAL,TURNOS_REQUERIDOS,TURNOS_CUBIERTOS,RATIO_LOCAL,ESTADO_LOCAL,EXCEDENTE_GRADO
2638,UNIVERSIDAD NACIONAL MAYOR DE SAN MARCOS - FACULTAD DE MEDICINA,LIMA,-12.0567346,-77.0227721,1,2,2,1.000,CUBIERTO,0
2640,IE 0035 NUESTRA SEÑORA DE LA VISITACION,LIMA,-12.0451003,-77.0424941,1,2,2,1.000,CUBIERTO,0
2644,IE 1035 GENERAL JOSE DEL CARMEN MARIN ARISTA,LIMA,-12.0559506,-77.0277104,1,2,2,1.000,CUBIERTO,0
2650,IE 111 SAN JOSE DE ARTESANOS,LIMA,-12.0462579,-77.0243762,1,2,2,1.000,CUBIERTO,0
2654,IE 1149 SAGRADO CORAZON DE JESUS,LIMA,-12.0464425,-77.0449528,1,2,2,1.000,CUBIERTO,0
2659,IE EMBLEMATICA HIPOLITO UNANUE,LIMA,-12.0961358,-77.0745463,1,2,2,1.000,CUBIERTO,0
2660,IE JUAN PABLO VIZCARDO Y GUZMAN,LIMA,-12.0418219,-76.9850670,1,2,2,1.000,CUBIERTO,0
2671,UNIVERSIDAD NACIONAL FEDERICO VILLARREAL SEDE LOCAL 01,LIMA,-12.0431184,-77.1237909,1,2,2,1.000,CUBIERTO,0
2674,UNIVERSIDAD NACIONAL MAYOR DE SAN MARCOS,LIMA,-12.0604783,-77.0801357,2,4,4,1.000,CUBIERTO,0
2676,IE 3069 GENERALISIMO JOSE DE SAN MARTIN,ANCON,-11.7730303,-77.1682181,1,2,2,1.000,CUBIERTO,0
2684,IE 0034,ATE,-12.0090932,-76.8661272,1,2,2,1.000,CUBIERTO,0
2688,IE 1136 JOHN F. KENNEDY,ATE,-12.0744599,-76.9872573,1,2,2,1.000,CUBIERTO,0
2693,IE 1209 GRAN MARISCAL TORIBIO DE LUZURIAGA,ATE,-12.0607982,-76.9551710,1,2,2,1.000,CUBIERTO,0
2696,IE 1222 HUSARES DE JUNIN,ATE,-12.0312289,-76.9373949,1,2,2,1.000,CUBIERTO,0
2700,IE 1229 JULIO ALBERTO PONCE ANTUNEZ DE MAYOLO,ATE,-12.0577857,-76.9570609,1,2,2,1.000,CUBIERTO,0
2704,IE 1239 FORTALEZA,ATE,-12.0314018,-76.9391155,1,2,2,1.000,CUBIERTO,0
2707,IE 1248 5 DE ABRIL,ATE,-12.0208410,-76.8259070,1,2,2,1.000,CUBIERTO,0
2709,IE 1251 PERUANO SUIZO,ATE,-12.0219391,-76.8712853,1,2,2,1.000,CUBIERTO,0
2713,IE 1260 EL AMAUTA,ATE,-12.0188233,-76.8189064,1,2,2,1.000,CUBIERTO,0
2715,IE 1268 GUSTAVO MOHME LLONA,ATE,-12.0274200,-76.8222700,1,2,2,1.000,CUBIERTO,0
2717,IE 6039 FERNANDO CARBAJAL SEGURA,ATE,-12.0818570,-76.9798953,1,2,2,1.000,CUBIERTO,0
2722,IE FE Y ALEGRIA 53,ATE,-12.0101090,-76.8278722,1,2,2,1.000,CUBIERTO,0
2726,IE MIXTO HUAYCAN,ATE,-12.0313818,-76.8217533,1,2,2,1.000,CUBIERTO,0
2730,IE 046 VICTOR RAUL HAYA DE LA TORRE INEI,ATE,-12.0209029,-76.8998081,1,2,2,1.000,CUBIERTO,0
2734,IE 0025 SAN MARTIN DE PORRES,ATE,-12.0260034,-76.9008717,1,2,2,1.000,CUBIERTO,0
2746,IE 1005 JORGE CHAVEZ DARTNELL,BREÑA,-12.0562330,-77.0476570,1,2,2,1.000,CUBIERTO,0
2752,IE EMBLEMATICA MARIANO MELGAR,BREÑA,-12.0600982,-77.0535041,1,2,2,1.000,CUBIERTO,0
2753,IE MICAELA BASTIDAS,BREÑA,-12.0672516,-77.0470252,1,2,2,1.000,CUBIERTO,0
2755,IE 0005 ROSA DE SANTA MARIA,BREÑA,-11.9967857,-77.0812898,1,2,2,1.000,CUBIERTO,0
2764,IE 2037 CIRO ALEGRIA,CARABAYLLO,-11.8803160,-77.0203237,1,2,2,1.000,CUBIERTO,0
2768,IE 2084 TROMPETEROS,CARABAYLLO,-11.9023745,-77.0319665,1,2,2,1.000,CUBIERTO,0
2771,IE 3058 VIRGEN DE FATIMA,CARABAYLLO,-11.8947432,-77.0203395,1,2,2,1.000,CUBIERTO,0
2775,IE 8168 LOS ANGELES DE NARANJAL,CARABAYLLO,-11.9059890,-77.0260370,1,2,2,1.000,CUBIERTO,0
2779,IE JOSE MARIA ARGUEDAS,CARABAYLLO,-11.8788692,-77.0074134,1,2,2,1.000,CUBIERTO,0
2782,IE TUNGASUCA,CARABAYLLO,-11.8951148,-77.0434264,1,2,2,1.000,CUBIERTO,0
2792,IE 2022 SINCHI ROCA,COMAS,-12.0698521,-77.1228813,1,2,2,1.000,CUBIERTO,0
2796,IE 2048 JOSE CARLOS MARIATEGUI,COMAS,-11.9398902,-77.0642801,1,2,2,1.000,CUBIERTO,0
2800,IE 2085 SAN AGUSTIN,COMAS,-11.9311376,-77.0526102,1,2,2,1.000,CUBIERTO,0
2803,IE 2100 JUAN VELASCO ALVARADO,COMAS,-11.9546228,-77.0547637,1,2,2,1.000,CUBIERTO,0
2808,IE 3060 ALFONSO UGARTE VERNAL,COMAS,-11.9385314,-77.0528450,1,2,2,1.000,CUBIERTO,0
2813,IE 3066 SEÑOR DE LOS MILAGROS,COMAS,-11.9080260,-77.0319261,1,2,2,1.000,CUBIERTO,0
2820,IE 8160 LOS CHASQUIS,COMAS,-11.9389559,-77.0603042,1,2,2,1.000,CUBIERTO,0
2826,CEBE LUIS BRAILE,COMAS,-11.9648027,-77.0577027,1,2,2,1.000,CUBIERTO,0
2831,IE FE Y ALEGRIA 8,COMAS,-11.9206395,-77.0377758,1,2,2,1.000,CUBIERTO,0
2836,IE PERUANO SUIZO,COMAS,-11.9678932,-77.0600929,1,2,2,1.000,CUBIERTO,0
2841,IE ESTADOS UNIDOS,COMAS,-11.9646212,-77.0587208,1,2,2,1.000,CUBIERTO,0
2850,IE 1199 MARISCAL RAMON CASTILLA,CHACLACAYO,-11.9830576,-76.8025609,1,2,2,1.000,CUBIERTO,0
2852,IE 787 ALMIRANTE MIGUEL GRAU,CHACLACAYO,-11.9795888,-76.7870160,1,2,2,1.000,CUBIERTO,0
2858,IE 6090 JOSE OLAYA BALANDRA,CHORRILLOS,-12.1955539,-77.0053298,1,2,2,1.000,CUBIERTO,0
2860,IE 7034 ENRIQUE NERINI COLLAZOS,CHORRILLOS,-12.1759103,-77.0227682,1,2,2,1.000,CUBIERTO,0
2865,IE 7039 MANUEL SCORZA TORRES,CHORRILLOS,-11.9955637,-77.1123665,1,2,2,1.000,CUBIERTO,0
2868,IE 7064 MARIA AUXILIADORA,CHORRILLOS,-12.1957047,-76.9795006,1,2,2,1.000,CUBIERTO,0
2871,IE 7076 BRISAS DE VILLA,CHORRILLOS,-12.1738954,-77.0162946,1,2,2,1.000,CUBIERTO,0
2872,IE GENERAL EMILIO SOYER CABERO,CHORRILLOS,-12.1645299,-77.0197231,1,2,2,1.000,CUBIERTO,0
2876,IE VIRGEN DEL MORRO SOLAR,CHORRILLOS,-12.1813210,-77.0123152,1,2,2,1.000,CUBIERTO,0
2880,IEP SAN JOSE,LA VICTORIA,-12.0649242,-77.0052613,1,2,2,1.000,CUBIERTO,0
2882,IE 1105 LA SAGRADA FAMILIA,LA VICTORIA,-12.0553218,-77.0960130,1,2,2,1.000,CUBIERTO,0
2887,IE 1123 SAGRADO CORAZON DE JESUS,LA VICTORIA,-12.0596036,-77.0205360,1,2,2,1.000,CUBIERTO,0
2893,IE ANGELICA PALMA ROMAN,LA VICTORIA,-12.0749475,-77.0191578,1,2,2,1.000,CUBIERTO,0
2894,IE EMBLEMATICA CESAR A VALLEJO,LA VICTORIA,-12.0679674,-77.0065031,1,2,2,1.000,CUBIERTO,0
2896,IE EMBLEMATICA 1120 PEDRO ADOLFO LABARTHE EFFIO,LA VICTORIA,-12.0687045,-77.0066777,1,2,2,1.000,CUBIERTO,0
2898,IE PARROQUIAL REINA DE LAS AMERICAS SECUNDARIA,LA VICTORIA,-12.0828571,-77.0153715,1,2,2,1.000,CUBIERTO,0
2902,IE 1112 VICTOR ANDRES BELAUNDE,LA VICTORIA,-12.0847819,-77.0194582,1,2,2,1.000,CUBIERTO,0
2911,UNIVERSIDAD NACIONAL MAYOR DE SAN MARCOS - ESCUELA DE OBSTETRICIA Y ESCUELA DE NUTRICIÓN,LA VICTORIA,-12.0580980,-77.0191803,1,2,2,1.000,CUBIERTO,0
2913,IE 1140 AURELIO MIRO QUESADA SOSA,LA MOLINA,-12.0853012,-76.9298144,1,2,2,1.000,CUBIERTO,0
2916,IE 1278 LA MOLINA,LA MOLINA,-12.0705116,-76.9449300,1,2,2,1.000,CUBIERTO,0
2917,IE CAPITAN FAP JOSE ABELARDO QUIÑONES GONZALES,LA MOLINA,-12.0623073,-76.9578501,1,2,2,1.000,CUBIERTO,0
2922,IE 1220 SAN JOSE MARELLO,LA MOLINA,-12.0853367,-76.8879830,1,2,2,1.000,CUBIERTO,0
2926,UNIVERSIDAD NACIONAL AGRARIA LA MOLINA,LA MOLINA,-12.0787790,-76.9298767,1,2,2,1.000,CUBIERTO,0
2929,IE 1057 JOSE BAQUIJANO Y CARRILLO,LINCE,-12.0814000,-77.0410800,1,2,2,1.000,CUBIERTO,0
2931,IE 1070 MELITON CARVAJAL,LINCE,-12.0829791,-76.9901761,1,2,2,1.000,CUBIERTO,0
2932,IE REPUBLICA DE CHILE,LINCE,-12.0850676,-77.0316635,1,2,2,1.000,CUBIERTO,0
2936,COLEGIO EXPERIMENTAL DE APLICACION DE LA UNE,LURIGANCHO,-11.9377700,-76.6925400,1,2,2,1.000,CUBIERTO,0
2937,IE 0033 VIRGILIO ESPINOZA BARRIOS,LURIGANCHO,-11.9932910,-77.1103154,1,2,2,1.000,CUBIERTO,0
2940,IE 0058 CUSCO,LURIGANCHO,-11.9289711,-76.6906750,1,2,2,1.000,CUBIERTO,0
2952,IE PABLO PATRON,LURIGANCHO,-11.9315909,-76.6895841,1,2,2,1.000,CUBIERTO,0
2961,IE 6023 JULIO C. TELLO ROJAS,LURIN,-12.2475192,-76.8969577,1,2,2,1.000,CUBIERTO,0
2964,IE 7056 SAN MARTIN DE PORRES,LURIN,-12.1765970,-76.9505006,1,2,2,1.000,CUBIERTO,0
2972,IE 1214 SEÑOR DE LOS MILAGROS,MAGDALENA DEL MAR,-12.0881421,-77.0690521,1,2,2,1.000,CUBIERTO,0
2978,UNIVERSIDAD NACIONAL FEDERICO VILLARREAL SEDE LOCAL 06,MAGDALENA DEL MAR,-12.0842033,-77.0683110,1,2,2,1.000,CUBIERTO,0
2982,IE 7003 MANUEL FERNANDO BONILLA,MIRAFLORES,-12.1201220,-77.0260969,1,2,2,1.000,CUBIERTO,0
2984,COLEGIO ADVENTISTA MIRAFLORES,MIRAFLORES,-12.1123113,-77.0363579,1,2,2,1.000,CUBIERTO,0
2988,IE 6050 EMBLEMATICA JUANA ALARCO DE DAMMERT,MIRAFLORES,-12.1269195,-77.0087326,1,2,2,1.000,CUBIERTO,0
2989,IE FEDERICO VILLARREAL,MIRAFLORES,-12.1250491,-77.0046935,1,2,2,1.000,CUBIERTO,0
2993,IEP NUESTRA SEÑORA DEL CARMEN PRIMARIA,MIRAFLORES,-12.1274486,-77.0220645,1,2,2,1.000,CUBIERTO,0
2994,IEP NUESTRA SEÑORA DEL CARMEN SECUNDARIA,MIRAFLORES,-12.1263868,-77.0153473,1,2,2,1.000,CUBIERTO,0
3001,IE 6007,PACHACAMAC,-12.1998338,-76.8744261,1,2,2,1.000,CUBIERTO,0
3011,IE 1103 EMBLEMATICA ELVIRA GARCIA Y GARCIA,PUEBLO LIBRE,-12.0677803,-77.0544632,1,2,2,1.000,CUBIERTO,0
3013,IE 0014 ANDRES BELLO,PUEBLO LIBRE,-12.0816049,-77.0715269,1,2,2,1.000,CUBIERTO,0
3027,IE 2081 PERU SUIZA,PUENTE PIEDRA,-11.8646441,-77.0859603,1,2,2,1.000,CUBIERTO,0
3029,IE 3071 MANUEL TOBIAS GARCIA CERRON,PUENTE PIEDRA,-11.8675888,-77.0781300,1,2,2,1.000,CUBIERTO,0
3031,IE 3088 VISTA ALEGRE,PUENTE PIEDRA,-11.8417511,-77.1105777,1,2,2,1.000,CUBIERTO,0
3036,IE 5168 ROSA LUZ,PUENTE PIEDRA,-11.9781207,-77.0997957,1,2,2,1.000,CUBIERTO,0
3040,IE 5177 ALAMEDA DEL NORTE,PUENTE PIEDRA,-11.8420985,-77.0923733,1,2,2,1.000,CUBIERTO,0
3042,IE AUGUSTO B. LEGUIA,PUENTE PIEDRA,-11.8559355,-77.0872433,1,2,2,1.000,CUBIERTO,0
3049,IEP SOPHIANUM ZAPALLAL SAC,PUENTE PIEDRA,-11.8449127,-77.1000952,1,2,2,1.000,CUBIERTO,0
3050,IE 6030 VICTOR A. BELAUNDE DIEZ CANSECO,PUNTA HERMOSA,-12.3322708,-76.8249019,1,2,2,1.000,CUBIERTO,0
3056,IE 2099 ROSA MERINO,RIMAC,-12.0333254,-77.0305759,1,2,2,1.000,CUBIERTO,0
3061,IE 3021 SAN JUAN MACIAS,RIMAC,-12.0274118,-77.0147475,1,2,2,1.000,CUBIERTO,0
3064,IE EMBLEMÁTICO MARÍA PARADO DE BELLIDO,RIMAC,-12.0289175,-77.0285105,1,2,2,1.000,CUBIERTO,0
3065,IE EMBLEMÁTICA MERCEDES CABELLO DE CARBONERA,RIMAC,-12.0237739,-77.0489997,1,2,2,1.000,CUBIERTO,0
3067,IE RICARDO BENTIN SECUNDARIA,RIMAC,-12.0296704,-77.0362227,1,2,2,1.000,CUBIERTO,0
3071,COLEGIO MARIA REINA MARIANISTAS,SAN ISIDRO,-12.1074700,-77.0369600,1,2,2,1.000,CUBIERTO,0
3074,IE EMBLEMATICA ALFONSO UGARTE,SAN ISIDRO,-12.0992417,-77.0270560,1,2,2,1.000,CUBIERTO,0
3080,IE EMBLEMATICA 6052 JOSE MARIA EGUREN,BARRANCO,-12.1517585,-77.0186629,1,2,2,1.000,CUBIERTO,0
3083,IE 7047 TACNA,BARRANCO,-12.1444113,-77.0180766,1,2,2,1.000,CUBIERTO,0
3091,IE 2009 FE Y ALEGRIA 2,SAN MARTIN DE PORRES,-12.0242966,-77.0761920,1,2,2,1.000,CUBIERTO,0
3098,IE 2023 AUGUSTO SALAZAR BONDY,SAN MARTIN DE PORRES,-12.0321813,-77.0664226,1,2,2,1.000,CUBIERTO,0
3101,IE 2028 PERUANO BRITANICO,SAN MARTIN DE PORRES,-11.9739329,-77.1075897,1,2,2,1.000,CUBIERTO,0
3108,IE 2074 VIRGEN PEREGRINA DEL ROSARIO,SAN MARTIN DE PORRES,-11.9699291,-77.0912632,1,2,2,1.000,CUBIERTO,0
3116,IE 3030 SANTISIMA CRUZ,SAN MARTIN DE PORRES,-12.0329232,-77.0538424,1,2,2,1.000,CUBIERTO,0
3121,IE 3037 GRAN AMAUTA,SAN MARTIN DE PORRES,-12.0306251,-77.0854844,1,2,2,1.000,CUBIERTO,0
3125,IE 3042 JESUS EL SALVADOR,SAN MARTIN DE PORRES,-12.0299282,-77.0702687,1,2,2,1.000,CUBIERTO,0
3128,IE 3045 JOSE CARLOS MARIATEGUI LA CHIRA,SAN MARTIN DE PORRES,-11.9993601,-77.0891536,1,2,2,1.000,CUBIERTO,0
3132,IE 0051 CLORINDA MATTO DE TURNER,SAN MARTIN DE PORRES,-12.0263963,-77.0596398,1,2,2,1.000,CUBIERTO,0
3133,IE EL PACIFICO,SAN MARTIN DE PORRES,-12.0015725,-77.0864359,1,2,2,1.000,CUBIERTO,0
3138,IE LOS JAZMINES DEL NARANJAL,SAN MARTIN DE PORRES,-11.9804818,-77.0876266,1,2,2,1.000,CUBIERTO,0
3142,IE SAN MARTIN DE PORRES,SAN MARTIN DE PORRES,-12.0293724,-77.0447343,1,2,2,1.000,CUBIERTO,0
3152,IEP CESAR VALLEJO,SAN MARTIN DE PORRES,-11.9934063,-77.0847387,1,2,2,1.000,CUBIERTO,0
3163,IEP SANTO DOMINGO EL PREDICADOR,SAN MARTIN DE PORRES,-11.9814397,-77.0969718,1,2,2,1.000,CUBIERTO,0
3168,IEP SANTO DOMINGO EL APOSTOL,SAN MIGUEL,-12.0810368,-77.1037501,2,4,4,1.000,CUBIERTO,0
3173,IE EMBLEMATICA BARTOLOME HERRERA,SAN MIGUEL,-12.0779762,-77.0889109,1,2,2,1.000,CUBIERTO,0
3181,IESTP MARIA ROSARIO ARAOZ PINTO,SAN MIGUEL,-12.0725285,-77.1029309,1,2,2,1.000,CUBIERTO,0
3186,IE PROFAM,SANTA ROSA,-12.0175191,-77.0633191,1,2,2,1.000,CUBIERTO,0
3192,IEP NUESTRA SEÑORA DE LA RECONCILIACION,SANTIAGO DE SURCO,-12.0969165,-76.9732165,1,2,2,1.000,CUBIERTO,0
3197,IEP COLEGIO SANTA MARIA MARIANISTAS,SANTIAGO DE SURCO,-12.1135552,-76.9878266,1,2,2,1.000,CUBIERTO,0
3200,IE 6082 LOS PROCERES,SANTIAGO DE SURCO,-12.1510688,-76.9858167,1,2,2,1.000,CUBIERTO,0
3202,IE 7068 ABRAHAM ROLDAN POMA - PRIMARIA,SANTIAGO DE SURCO,-12.1449615,-77.0063040,1,2,2,1.000,CUBIERTO,0
3203,IE 7086 LOS PRECURSORES,SANTIAGO DE SURCO,-12.1136955,-77.0255410,1,2,2,1.000,CUBIERTO,0
3206,IE 6044 JORGE CHAVEZ,SANTIAGO DE SURCO,-12.1424698,-77.0048365,1,2,2,1.000,CUBIERTO,0
3209,MONTERRICO IE APLICACION,SANTIAGO DE SURCO,-12.1215094,-76.9811619,1,2,2,1.000,CUBIERTO,0
3214,IEP HORACIO PATIÑO CRUZATTI,SANTIAGO DE SURCO,-12.1317413,-76.9858177,1,2,2,1.000,CUBIERTO,0
3219,UNIVERSIDAD DE LIMA 1,SANTIAGO DE SURCO,-12.0842866,-76.9728545,1,2,2,1.000,CUBIERTO,0
3221,UNIVERSIDAD RICARDO PALMA,SANTIAGO DE SURCO,-12.1324170,-76.9797876,2,4,4,1.000,CUBIERTO,0
3227,IE 7014 VASIL LEVSKI,SURQUILLO,-12.0785593,-76.9732520,1,2,2,1.000,CUBIERTO,0
3232,IE EMBLEMATICA RICARDO PALMA,SURQUILLO,-12.1123390,-77.0101708,1,2,2,1.000,CUBIERTO,0
3235,IE LA DIVINA PROVIDENCIA,SURQUILLO,-12.1123324,-77.0061855,1,2,2,1.000,CUBIERTO,0
3243,IE 6017 SANTA ROSA BAJA,VILLA MARIA DEL TRIUNFO,-12.1602979,-76.9496196,1,2,2,1.000,CUBIERTO,0
3245,IE 6020 MICAELA BASTIDAS,VILLA MARIA DEL TRIUNFO,-12.0738300,-77.0444186,1,2,2,1.000,CUBIERTO,0
3249,IE 6029 BARTOLOME MITRE,VILLA MARIA DEL TRIUNFO,-12.2060796,-76.9055204,1,2,2,1.000,CUBIERTO,0
3252,IE 6057 VIRGEN DE LOURDES,VILLA MARIA DEL TRIUNFO,-12.1711350,-76.9162193,1,2,2,1.000,CUBIERTO,0
3256,IE 6073 JORGE BASADRE GROHMANN - SECUNDARIA,VILLA MARIA DEL TRIUNFO,-12.1574695,-76.9410866,1,2,2,1.000,CUBIERTO,0
3259,IE 6093 JUAN VALER SANDOVAL,VILLA MARIA DEL TRIUNFO,-12.1838877,-76.9235438,1,2,2,1.000,CUBIERTO,0
3261,IE 7054 VILLA MARIA DEL TRIUNFO,VILLA MARIA DEL TRIUNFO,-12.1625448,-76.9449783,1,2,2,1.000,CUBIERTO,0
3262,IE 7055 TUPAC AMARU II,VILLA MARIA DEL TRIUNFO,-12.1607987,-76.9407222,1,2,2,1.000,CUBIERTO,0
3264,IE 7073 SANTA ROSA DE LIMA,VILLA MARIA DEL TRIUNFO,-12.1718269,-76.9471954,1,2,2,1.000,CUBIERTO,0
3268,IE FE Y ALEGRIA 23,VILLA MARIA DEL TRIUNFO,-12.1494648,-76.9444388,1,2,2,1.000,CUBIERTO,0
3273,I.E. REPUBLICA DE ECUADOR,VILLA MARIA DEL TRIUNFO,-12.1797690,-76.9377898,1,2,2,1.000,CUBIERTO,0
3279,IESTP VILLA MARIA,VILLA MARIA DEL TRIUNFO,-12.1685075,-76.9551242,1,2,2,1.000,CUBIERTO,0
3281,IEP JOSEPH AND MERY HIGH SCHOOL,JESUS MARIA,-12.0657193,-77.0441565,1,2,2,1.000,CUBIERTO,0
3288,IE TERESA GONZALES DE FANNING - SECUNDARIA,JESUS MARIA,-12.0778428,-77.0460752,2,4,4,1.000,CUBIERTO,0
3296,UNIVERSIDAD NACIONAL FEDERICO VILLARREAL SEDE LOCAL 04,JESUS MARIA,-12.0861357,-77.0590187,1,2,2,1.000,CUBIERTO,0
3302,IE 2052 MARIA AUXILIADORA,INDEPENDENCIA,-11.9723956,-77.0500237,1,2,2,1.000,CUBIERTO,0
3305,IE 2057 JOSE GABRIEL CONDORCANQUI,INDEPENDENCIA,-11.9727089,-77.0453560,1,2,2,1.000,CUBIERTO,0
3308,IE 3049 IMPERIO DEL TAHUANTINSUYO,INDEPENDENCIA,-11.9814693,-77.0562426,1,2,2,1.000,CUBIERTO,0
3312,IE 3063 PATRICIA NATIVIDAD SANCHEZ,INDEPENDENCIA,-11.9988467,-77.0522877,1,2,2,1.000,CUBIERTO,0
3314,IE 3094-1 J WILLIAM FULBRIGHT,INDEPENDENCIA,-11.9817175,-77.0494954,1,2,2,1.000,CUBIERTO,0
3317,IE REPUBLICA DE COLOMBIA,INDEPENDENCIA,-11.9827256,-77.0537376,1,2,2,1.000,CUBIERTO,0
3324,IE 0093 FERNANDO BELAUNDE TERRY,EL AGUSTINO,-12.0386067,-76.9937237,1,2,2,1.000,CUBIERTO,0
3329,IE 1045 NUESTRA SEÑORA DE FATIMA,EL AGUSTINO,-12.0425689,-76.9878661,1,2,2,1.000,CUBIERTO,0
3334,IE 1168 GRAN MARISCAL RAMON CASTILLA,EL AGUSTINO,-12.0455894,-76.9987863,1,2,2,1.000,CUBIERTO,0
3339,IE 127 SAN JOSE,EL AGUSTINO,-12.0331065,-77.0030610,1,2,2,1.000,CUBIERTO,0
3342,IE GRAN MARISCAL ANDRES AVELINO CACERES DORREGARAY,EL AGUSTINO,-12.0578845,-77.0063713,1,2,2,1.000,CUBIERTO,0
3345,IE NICOLAS DE PIEROLA,EL AGUSTINO,-12.0509148,-77.0104280,1,2,2,1.000,CUBIERTO,0
3348,IE 6037 INCA PACHACUTEC - PRIMARIA,SAN JUAN DE MIRAFLORES,-12.1570172,-76.9634396,1,2,2,1.000,CUBIERTO,0
3350,IE 6038 OLLANTAY,SAN JUAN DE MIRAFLORES,-12.1411414,-76.9558129,1,2,2,1.000,CUBIERTO,0
3355,IE 6096 ANTONIO RAIMONDI,SAN JUAN DE MIRAFLORES,-12.1672345,-76.9642698,1,2,2,1.000,CUBIERTO,0
3357,IE 7035 LEONCIO PRADO,SAN JUAN DE MIRAFLORES,-12.1620751,-76.9843843,1,2,2,1.000,CUBIERTO,0
3361,IE 7062 NACIONES UNIDAS,SAN JUAN DE MIRAFLORES,-12.1599513,-76.9653582,1,2,2,1.000,CUBIERTO,0
3363,IE 7067 TORIBIO SEMINARIO,SAN JUAN DE MIRAFLORES,-12.1545657,-76.9685232,1,2,2,1.000,CUBIERTO,0
3367,IE 7079 RAMIRO PRIALE PRIALE,SAN JUAN DE MIRAFLORES,-12.1743798,-76.9624251,1,2,2,1.000,CUBIERTO,0
3371,IE 7207 MARISCAL RAMON CASTILLA,SAN JUAN DE MIRAFLORES,-12.1265795,-76.9553871,1,2,2,1.000,CUBIERTO,0
3375,IE DE ACCION CONJUNTA PADRE ILUMINATO,SAN JUAN DE MIRAFLORES,-12.1698708,-76.9777624,1,2,2,1.000,CUBIERTO,0
3377,IE JAVIER HERAUD,SAN JUAN DE MIRAFLORES,-12.1616256,-76.9729604,1,2,2,1.000,CUBIERTO,0
3379,IE EMBLEMATICA SAN JUAN,SAN JUAN DE MIRAFLORES,-12.1607096,-76.9676892,1,2,2,1.000,CUBIERTO,0
3382,IEP MANUEL ANTONIO RAMIREZ BARINAGA,SAN JUAN DE MIRAFLORES,-12.1593587,-76.9730452,1,2,2,1.000,CUBIERTO,0
3387,CETPRO BAYOVAR,SAN JUAN DE LURIGANCHO,-11.9525574,-76.9917725,1,2,2,1.000,CUBIERTO,0
3390,IE 0073 BENITO JUAREZ,SAN JUAN DE LURIGANCHO,-12.0245444,-76.9863695,1,2,2,1.000,CUBIERTO,0
3393,IE 0088 NUESTRA SEÑORA DEL CARMEN,SAN JUAN DE LURIGANCHO,-12.0204681,-76.9663589,1,2,2,1.000,CUBIERTO,0
3396,IE 0091 SANTA FE,SAN JUAN DE LURIGANCHO,-11.9918027,-77.0667344,1,2,2,1.000,CUBIERTO,0
3398,IE 116 ABRAHAM VALDELOMAR,SAN JUAN DE LURIGANCHO,-11.9918483,-77.0149221,1,2,2,1.000,CUBIERTO,0
3402,IE 0146 SU SANTIDAD JUAN PABLO II,SAN JUAN DE LURIGANCHO,-11.9438617,-76.9913847,1,2,2,1.000,CUBIERTO,0
3403,IE 151 MICAELA BASTIDAS,SAN JUAN DE LURIGANCHO,-11.9411418,-76.9745103,1,2,2,1.000,CUBIERTO,0
3406,IE 158 SANTA MARIA,SAN JUAN DE LURIGANCHO,-12.0434081,-76.9237561,1,2,2,1.000,CUBIERTO,0
3408,IE 100,SAN JUAN DE LURIGANCHO,-11.9886799,-77.0143393,1,2,2,1.000,CUBIERTO,0
3413,IE 1172 CIRO ALEGRIA,SAN JUAN DE LURIGANCHO,-12.0230793,-77.0004155,1,2,2,1.000,CUBIERTO,0
3415,IE 1174 VIRGEN DEL CARMEN,SAN JUAN DE LURIGANCHO,-12.0284609,-77.0095964,1,2,2,1.000,CUBIERTO,0
3418,IE 1181 ALBERT EINSTEIN,SAN JUAN DE LURIGANCHO,-12.0050009,-77.0136517,1,2,2,1.000,CUBIERTO,0
3422,IE 0120 MANUEL ROBLES ALARCON,SAN JUAN DE LURIGANCHO,-11.9525574,-76.9917725,1,2,2,1.000,CUBIERTO,0
3424,IE 125 RICARDO PALMA,SAN JUAN DE LURIGANCHO,-11.9568074,-76.9996365,1,2,2,1.000,CUBIERTO,0
3428,IE 131 MONITOR HUASCAR,SAN JUAN DE LURIGANCHO,-11.9488607,-76.9690338,1,2,2,1.000,CUBIERTO,0
3432,IE 137 MIGUEL GRAU SEMINARIO,SAN JUAN DE LURIGANCHO,-12.0305712,-77.0166354,1,2,2,1.000,CUBIERTO,0
3435,IE 140 SANTIAGO ANTUNEZ DE MAYOLO,SAN JUAN DE LURIGANCHO,-11.9671445,-76.9968536,1,2,2,1.000,CUBIERTO,0
3440,IE 0148 MAESTRO VICTOR RAUL HAYA DE LA TORRE,SAN JUAN DE LURIGANCHO,-11.9569507,-76.9932157,1,2,2,1.000,CUBIERTO,0
3444,IE 159 GLORIOSO 10 DE OCTUBRE,SAN JUAN DE LURIGANCHO,-11.9421562,-76.9853988,1,2,2,1.000,CUBIERTO,0
3447,IE 162 SAN JOSE OBRERO,SAN JUAN DE LURIGANCHO,-11.9455801,-76.9790049,1,2,2,1.000,CUBIERTO,0
3450,IE 168 AMISTAD PERU JAPON,SAN JUAN DE LURIGANCHO,-11.9982395,-77.0075386,1,2,2,1.000,CUBIERTO,0
3454,IE FE Y ALEGRIA 26,SAN JUAN DE LURIGANCHO,-11.9571578,-76.9948963,1,2,2,1.000,CUBIERTO,0
3457,IE FE Y ALEGRIA 4,SAN JUAN DE LURIGANCHO,-12.0241337,-77.0120662,1,2,2,1.000,CUBIERTO,0
3460,IE NICOLAS COPERNICO,SAN JUAN DE LURIGANCHO,-11.9593326,-76.9873708,1,2,2,1.000,CUBIERTO,0
3474,IESTP MANUEL SEOANE CORRALES,SAN JUAN DE LURIGANCHO,-11.9593326,-76.9873708,1,2,2,1.000,CUBIERTO,0
3478,IE 1128 SAN LUIS,SAN LUIS,-12.0715937,-76.9973980,1,2,2,1.000,CUBIERTO,0
3482,IE LOS EDUCADORES,SAN LUIS,-12.0776575,-76.9983820,1,2,2,1.000,CUBIERTO,0
3485,IE 6018 INMACULADA CONCEPCIÓN HUARANGAL,CIENEGUILLA,-12.1085855,-76.8098190,1,2,2,1.000,CUBIERTO,0
3492,IE 6079 SANTISIMA NIÑA MARIA,SAN BORJA,-12.1054741,-76.9938700,1,2,2,1.000,CUBIERTO,0
3496,IE 7089 ROMEO LUNA VICTORIA,SAN BORJA,-12.1059345,-77.0020268,1,2,2,1.000,CUBIERTO,0
3500,IE LICEO NAVAL ALMIRANTE GUISE,SAN BORJA,-12.0961453,-76.9993565,1,2,2,1.000,CUBIERTO,0
3503,CETPRO CFT PROMAE VES,VILLA EL SALVADOR,-12.2134222,-76.9315093,1,2,2,1.000,CUBIERTO,0
3505,IE 6063 JOSE CARLOS MARIATEGUI,VILLA EL SALVADOR,-12.2160516,-76.9416766,1,2,2,1.000,CUBIERTO,0
3507,IE 6065 PERU INGLATERRA,VILLA EL SALVADOR,-12.2071428,-76.9410227,1,2,2,1.000,CUBIERTO,0
3510,IE 6069 PACHACUTEC,VILLA EL SALVADOR,-12.2178136,-76.9358580,1,2,2,1.000,CUBIERTO,0
3513,IE 6076 REPUBLICA DE NICARAGUA,VILLA EL SALVADOR,-12.2104039,-76.9450130,1,2,2,1.000,CUBIERTO,0
3515,IE 6099 PERU ESPAÑA,VILLA EL SALVADOR,-12.2098384,-76.9520634,1,2,2,1.000,CUBIERTO,0
3517,IE 7084 PERUANO SUIZO,VILLA EL SALVADOR,-12.2403405,-76.9155337,1,2,2,1.000,CUBIERTO,0
3519,IE 7091 REPUBLICA DEL PERU,VILLA EL SALVADOR,-12.2278933,-76.9416202,1,2,2,1.000,CUBIERTO,0
3522,IE 7094 SASAKAWA,VILLA EL SALVADOR,-12.2073488,-76.9556527,1,2,2,1.000,CUBIERTO,0
3525,IE 7097 VILLA AMSTELVEEN,VILLA EL SALVADOR,-12.2160493,-76.9416789,1,2,2,1.000,CUBIERTO,0
3528,IE FE Y ALEGRIA 17,VILLA EL SALVADOR,-12.2170811,-76.9344317,1,2,2,1.000,CUBIERTO,0
3530,IE 6066 VILLA EL SALVADOR,VILLA EL SALVADOR,-12.2145120,-76.9394310,1,2,2,1.000,CUBIERTO,0
3534,IESTP JULIO CESAR TELLO,VILLA EL SALVADOR,-12.1922534,-76.9446500,1,2,2,1.000,CUBIERTO,0
3539,IE 2006 SANTA ROSA DE LIMA,LOS OLIVOS,-12.0073932,-77.0768828,1,2,2,1.000,CUBIERTO,0
3542,IE 2022 PEDRO ABRAHAM VALDELOMAR PINTO,LOS OLIVOS,-11.9608069,-77.0762581,1,2,2,1.000,CUBIERTO,0
3544,IE 2025 INMACULADA CONCEPCION,LOS OLIVOS,-11.9450231,-77.0745243,1,2,2,1.000,CUBIERTO,0
3547,IE 2087 REPUBLICA ORIENTAL DEL URUGUAY,LOS OLIVOS,-11.9717996,-77.0709444,1,2,2,1.000,CUBIERTO,0
3550,IE 2091 MARISCAL ANDRES AVELINO CACERES,LOS OLIVOS,-11.9892978,-77.0725799,1,2,2,1.000,CUBIERTO,0
3553,IE 2096 PERU JAPON,LOS OLIVOS,-11.9808461,-77.0666382,1,2,2,1.000,CUBIERTO,0
3557,IE 3080 PERU CANADA,LOS OLIVOS,-11.9651769,-77.0713751,1,2,2,1.000,CUBIERTO,0
3559,IE 3087 CARLOS CUETO FERNANDINI,LOS OLIVOS,-11.9819243,-77.0718564,1,2,2,1.000,CUBIERTO,0
3562,IE ENRIQUE MILLA OCHOA,LOS OLIVOS,-11.9371020,-77.0789330,1,2,2,1.000,CUBIERTO,0
3565,IE JOSE ABELARDO QUIÑONES GONZALES,LOS OLIVOS,-12.0076084,-77.0627375,1,2,2,1.000,CUBIERTO,0
3570,IE 3095 PERU KAWACHI,LOS OLIVOS,-11.9212081,-77.0740911,1,2,2,1.000,CUBIERTO,0
3580,IE 107 DANIEL ALCIDES CARRION GARCIA,SANTA ANITA,-12.0369590,-76.9623099,1,2,2,1.000,CUBIERTO,0
3582,IE 1137 JOSE ANTONIO ENCINAS,SANTA ANITA,-12.0493373,-76.9635300,1,2,2,1.000,CUBIERTO,0
3584,IE 1221 MARIA PARADO DE BELLIDO,SANTA ANITA,-12.0287813,-76.9472722,1,2,2,1.000,CUBIERTO,0
3587,IE 1256 ALFONSO UGARTE,SANTA ANITA,-11.9934206,-77.0664067,1,2,2,1.000,CUBIERTO,0
3589,IE 101 SHUJI KITAMURA,SANTA ANITA,-12.0425923,-76.9773097,1,2,2,1.000,CUBIERTO,0
3592,IEP ALFONSO UGARTE,SANTA ANITA,-12.0760641,-76.9660837,1,2,2,1.000,CUBIERTO,0
3595,UNIVERSIDAD SAN MARTIN DE PORRES,SANTA ANITA,-12.0455485,-76.9667307,2,4,4,1.000,CUBIERTO,0
4947,IE 0095 MARIA AUXILIADORA,LIMA,-12.0413671,-77.0682288,1,2,2,1.000,CUBIERTO,0
4964,IE 1157 JULIO CÉSAR TELLO ROJAS,LIMA,-12.0371142,-77.0799092,1,2,2,1.000,CUBIERTO,0
4993,IE EMBLEMATICA ANTENOR ORREGO ESPINOZA,SAN JUAN DE LURIGANCHO,-12.0244982,-76.9961585,1,2,2,1.000,CUBIERTO,0
5006,IE 0027 SAN ANTONIO DE JICAMARCA,LURIGANCHO,-11.9561489,-76.9335456,1,2,2,1.000,CUBIERTO,0
5009,IE 7041 VIRGEN DE LA MERCED,SAN JUAN DE MIRAFLORES,-12.1656790,-76.9581849,1,2,2,1.000,CUBIERTO,0
5014,IEI 347 LUIS ENRIQUE XII,SAN MARTIN DE PORRES,-11.9967872,-77.0908502,1,2,2,1.000,CUBIERTO,0
5027,CEBE RICARDO BENTIN,RIMAC,-12.0309526,-77.0348201,1,2,2,1.000,CUBIERTO,0
5030,IE 2061 SAN MARTIN DE PORRES,INDEPENDENCIA,-11.9911489,-77.0523261,1,2,2,1.000,CUBIERTO,0
5048,IE CORONEL JOSÉ GALVEZ,COMAS,-11.9114761,-77.0148654,1,2,2,1.000,CUBIERTO,0
5059,IE 3098 CESAR VALLEJO,ANCON,-11.9853402,-77.0647607,1,2,2,1.000,CUBIERTO,0
5084,IE 8184 SAN BENITO,CARABAYLLO,-11.8263811,-77.0526625,1,2,2,1.000,CUBIERTO,0
5100,IE 5166 BELLA AURORA,PUENTE PIEDRA,-11.8637108,-77.0778264,1,2,2,1.000,CUBIERTO,0
5120,IE 6097 MATEO PUMACAHUA,SANTIAGO DE SURCO,-12.1925969,-76.9809551,1,2,2,1.000,CUBIERTO,0
5125,IE 7215 NACIONES UNIDAS PRIMARIA,VILLA EL SALVADOR,-12.2183852,-76.9288709,1,2,2,1.000,CUBIERTO,0
5134,IE 7209 VIRGEN DE LAS MERCEDES,SAN JUAN DE MIRAFLORES,-12.1117967,-77.0095680,1,2,2,1.000,CUBIERTO,0
5138,IE 1286 HEROES DEL CENEPA,LA MOLINA,-12.1170348,-76.9377917,1,2,2,1.000,CUBIERTO,0
5154,IE 3507 CAUDIVILLA,CARABAYLLO,-11.8891708,-77.0338578,1,2,2,1.000,CUBIERTO,0
5358,IEI 053 MI NIÑITO JESUS,SURQUILLO,-12.1865124,-76.9754171,1,2,2,1.000,CUBIERTO,0
7256,IEP SANTIAGO APOSTOL,ATE,-12.0192707,-76.8844959,1,2,2,1.000,CUBIERTO,0
7403,IEP PATRON SAN ISIDRO DE SANTA ANITA,SANTA ANITA,-12.0572074,-76.9440318,1,2,2,1.000,CUBIERTO,0
7460,IE EMBLEMATICA JOSE GRANDA,SAN MARTIN DE PORRES,-12.0277099,-77.0757962,1,2,2,1.000,CUBIERTO,0
7470,IEP SACO OLIVEROS SANTA BEATRIZ,LIMA,-12.0772341,-77.0332444,1,2,2,1.000,CUBIERTO,0
7625,IE EMBLEMATICA JUAN GUERRERO QUIMPER,VILLA MARIA DEL TRIUNFO,-12.2115237,-76.9093216,1,2,2,1.000,CUBIERTO,0
7655,IEP DIVINO CORAZÓN DE JESUS,PUENTE PIEDRA,-11.9031150,-77.0664330,1,2,2,1.000,CUBIERTO,0
12734,IE 1271 COLEGIO SAN JUAN BAUTISTA,ATE,-12.0142302,-76.8163170,1,2,2,1.000,CUBIERTO,0
12776,IEP ALFRED NOBEL,ATE,-12.0384329,-76.9570244,1,2,2,1.000,CUBIERTO,0
12783,IEP INTERNACIONAL ELIM HUAYCAN,ATE,-12.0201464,-76.8175454,1,2,2,1.000,CUBIERTO,0
12821,IE 6051 MERCEDES INDACOCHEA,BARRANCO,-12.1539891,-77.0199883,1,2,4,1.000,EXCEDENTE,1
12836,IEP COLEGIO LA SALLE,BREÑA,-12.0787507,-77.0622940,1,2,2,1.000,CUBIERTO,0
12865,IE 3512 MARIA PARADO DE BELLIDO,CARABAYLLO,-11.8340567,-77.0011870,1,2,2,1.000,CUBIERTO,0
12874,IE 8190 PRIMARIA,CARABAYLLO,-11.9102060,-77.0120900,1,2,2,1.000,CUBIERTO,0
12896,IEP CRAMEX,CARABAYLLO,-11.8803160,-77.0203237,1,2,2,1.000,CUBIERTO,0
12909,IEP ALMA MATER EIRL,CARABAYLLO,-11.8764173,-77.0139108,1,2,2,1.000,CUBIERTO,0
12959,IE 0053 SAN VICENTE DE PAUL,CHACLACAYO,-11.9736207,-76.7517863,1,2,2,1.000,CUBIERTO,0
12978,IE 6153 CAP EP AUGUSTO J. GUTIERREZ MENDOZA,CHORRILLOS,-12.2126437,-76.9469415,1,2,2,1.000,CUBIERTO,0
12988,IEI PARROQUIAL JESUS MAESTRO,CHORRILLOS,-12.1926382,-77.0184689,1,2,2,1.000,CUBIERTO,0
13004,IEI MILAGRITOS DE JESUS,CHORRILLOS,-12.1867447,-77.0012355,1,2,2,1.000,CUBIERTO,0
13020,IE 2005,COMAS,-11.9266081,-77.0550137,1,2,2,1.000,CUBIERTO,0
13031,IE 2072 LEV SEMIONOVICH VIGOTSKI,COMAS,-11.9933331,-77.1103466,1,2,2,1.000,CUBIERTO,0
13064,IEP BAUTISTA FILADELFIA,COMAS,-11.9560671,-77.0416043,1,2,2,1.000,CUBIERTO,0
13073,IEP TECHNOLOGY SCHOOLS - RETABLO,COMAS,-11.9360510,-77.0591467,1,2,2,1.000,CUBIERTO,0
13076,IE LIBERTAD,COMAS,-11.9230929,-77.0400196,1,2,2,1.000,CUBIERTO,0
13095,IEI 068 BETHANIA,EL AGUSTINO,-12.0040206,-77.0018350,1,2,2,1.000,CUBIERTO,0
13110,IEP NOTABLE SANTISIMA DE LAS MERCEDES,EL AGUSTINO,-12.0403781,-76.9815494,1,2,2,1.000,CUBIERTO,0
13129,IEP JESUS EL BUEN PASTOR,INDEPENDENCIA,-11.9863421,-77.0559043,1,2,2,1.000,CUBIERTO,0
13163,IE 055 ROSA DE AMERICA,LA VICTORIA,-12.0826662,-77.0117165,1,2,2,1.000,CUBIERTO,0
13197,IE 1037 RAMON ESPINOSA,LIMA,-12.0469697,-77.0166026,1,2,2,1.000,CUBIERTO,0
13206,IE 1161,LIMA,-12.0369091,-77.0607743,1,2,2,1.000,CUBIERTO,0
13312,COMPLEJO POLIDEPORTIVO MARISCAL CASTILLA,LINCE,-12.0885688,-77.0409569,1,2,2,1.000,CUBIERTO,0
13371,IEP SACO OLIVEROS,LOS OLIVOS,-11.9651769,-77.0713751,1,2,2,1.000,CUBIERTO,0
13396,IEP PITAGORAS,LOS OLIVOS,-11.9923453,-77.0696973,1,2,2,1.000,CUBIERTO,0
13436,IE 1267  LA CAMPIÑA,LURIGANCHO,-12.0096967,-76.9053613,1,2,2,1.000,CUBIERTO,0
13452,IEP COLEGIO UNION,LURIGANCHO,-11.9788967,-76.8131383,1,2,2,1.000,CUBIERTO,0
13462,IEP FRANCOIS VIETE,LURIGANCHO,-12.0150772,-76.8748436,1,2,2,1.000,CUBIERTO,0
13481,IE 7104 RAMIRO PRIALE PRIALE,LURIN,-12.1396474,-76.9595487,1,2,2,1.000,CUBIERTO,0
13512,IEP MARKHAM COLLAGE,MIRAFLORES,-12.1404205,-77.0178638,1,2,2,1.000,CUBIERTO,0
13523,IE 667 RAYITO DE LUZ,PACHACAMAC,-12.1001315,-76.8727668,1,2,2,1.000,CUBIERTO,0
13531,IE 7262 MI NUEVO PERU,PACHACAMAC,-12.0901335,-76.8822759,1,2,2,1.000,CUBIERTO,0
13539,IEP CHARLES FINNEY,PACHACAMAC,-12.0736756,-76.8881297,1,2,2,1.000,CUBIERTO,0
13552,IEI 012 AUGUSTO PEREZ ARANIBAR,PUEBLO LIBRE,-12.0752448,-77.0579073,1,2,2,1.000,CUBIERTO,0
13574,IE 5169 RAMIRO PRIALE PRIALE,PUENTE PIEDRA,-11.9948112,-77.1116011,1,2,2,1.000,CUBIERTO,0
13601,IE 8183 PITAGORAS,PUENTE PIEDRA,-11.8284742,-77.0950113,1,2,2,1.000,CUBIERTO,0
13612,IEP GENES DEL NORTE,PUENTE PIEDRA,-11.8666447,-77.1301695,1,2,2,1.000,CUBIERTO,0
13635,IE TECHNOLOGY SCHOOLS LAS VIÑAS,PUENTE PIEDRA,-11.9955926,-77.1122883,1,2,2,1.000,CUBIERTO,0
13674,IEP TESLA SCHOOL,PUENTE PIEDRA,-11.8494900,-77.0987352,1,2,2,1.000,CUBIERTO,0
13691,IEP CESAR VALLEJO,RIMAC,-12.0183355,-77.0281099,1,2,2,1.000,CUBIERTO,0
13702,COMPLEJO POLIDEPORTIVO LIMATAMBO,SAN BORJA,-12.1080098,-77.0073256,1,2,2,1.000,CUBIERTO,0
13708,COLEGIO DE LOS SAGRADOS CORAZONES BELEN,SAN ISIDRO,-12.1045800,-77.0474800,1,2,2,1.000,CUBIERTO,0
13722,IE 0073 ARRIBA PERU,SAN JUAN DE LURIGANCHO,-11.9571578,-76.9948963,1,2,2,1.000,CUBIERTO,0
13754,IE 0141 VIRGEN DE COCHARCAS,SAN JUAN DE LURIGANCHO,-12.0472420,-77.0843634,1,2,2,1.000,CUBIERTO,0
13771,IE 115-5 REPUBLICA HELENICA,SAN JUAN DE LURIGANCHO,-11.9951487,-77.0093555,1,2,2,1.000,CUBIERTO,0
13777,IE CASA BLANCA DE JESUS,SAN JUAN DE LURIGANCHO,-11.9405430,-76.9952672,1,2,2,1.000,CUBIERTO,0
13791,IEP CORAZON DE MARIA,SAN JUAN DE LURIGANCHO,-11.9354047,-77.0544589,1,2,2,1.000,CUBIERTO,0
13809,IEP LICEO FERMIN TANGUIS,SAN JUAN DE LURIGANCHO,-11.9783692,-77.0104749,1,2,2,1.000,CUBIERTO,0
13821,IEP SAN JUAN BAUTISTA DE LA SALLE,SAN JUAN DE LURIGANCHO,-12.0133321,-77.0131968,1,2,2,1.000,CUBIERTO,0
13849,IE SOLIDARIDAD III,SAN JUAN DE LURIGANCHO,-11.9555098,-76.9922975,1,2,2,1.000,CUBIERTO,0
13887,IE 7230,SAN JUAN DE MIRAFLORES,-12.0979613,-76.9620947,1,2,2,1.000,CUBIERTO,0
13919,IEP FERMIN TANGUIS,SAN JUAN DE MIRAFLORES,-12.1553768,-76.9769705,1,2,2,1.000,CUBIERTO,0
14030,IE 3022 JOSE SABOGAL,SAN MARTIN DE PORRES,-12.0320170,-77.0460809,1,2,2,1.000,CUBIERTO,0
14041,IEP INNOVA SCHOOLS - SAN MARTIN DE PORRES,SAN MARTIN DE PORRES,-11.9815573,-77.0968820,1,2,2,1.000,CUBIERTO,0
14046,IEP LICEO SAN AGUSTIN,SAN MARTIN DE PORRES,-11.9759755,-77.1169431,1,2,2,1.000,CUBIERTO,0
14049,IEP MI BUEN JESUS,SAN MARTIN DE PORRES,-12.0355210,-77.0931407,1,2,2,1.000,CUBIERTO,0
14053,IEP NUESTRA SEÑORA DEL CARMEN DE PALAO,SAN MARTIN DE PORRES,-12.0193092,-77.0545196,1,2,2,1.000,CUBIERTO,0
14058,IEP SACO OLIVEROS DE CANTA CALLAO,SAN MARTIN DE PORRES,-12.0206197,-77.0142234,1,2,2,1.000,CUBIERTO,0
14062,IEP SANTA MARIA PURISIMA,SAN MARTIN DE PORRES,-11.9301381,-76.9944025,1,2,2,1.000,CUBIERTO,0
14087,IDIOMAS PUCP,PUEBLO LIBRE,-12.0721634,-77.0780039,1,2,2,1.000,CUBIERTO,0
14096,IEP INNOVA SCHOOLS - SEDE SAN MIGUEL 2,SAN MIGUEL,-12.0879357,-77.0856530,1,2,2,1.000,CUBIERTO,0
14114,IEP SACO OLIVEROS HELICOIDAL,SANTA ANITA,-12.0979604,-76.9620948,1,2,2,1.000,CUBIERTO,0
14139,IEP CORAZON INMACULADO,SANTIAGO DE SURCO,-12.1443782,-76.9869818,1,2,2,1.000,CUBIERTO,0
14161,COMPLEJO DEPORTIVO PAUL HARRIS - MOROCOCHA,SURQUILLO,-12.1078565,-77.0188369,1,2,2,1.000,CUBIERTO,0
14178,IE 7216 VILLA DE JESUS,VILLA EL SALVADOR,-12.1935186,-76.9619791,1,2,2,1.000,CUBIERTO,0
14182,IE 7240 JESUS DE NAZARETH,VILLA EL SALVADOR,-12.2412760,-76.9286549,1,2,2,1.000,CUBIERTO,0
14209,IEP AVANTGARD COLLEGE,VILLA EL SALVADOR,-12.2126437,-76.9469415,1,2,2,1.000,CUBIERTO,0
14218,IEP JULIO CESAR TELLO DE OASIS,VILLA EL SALVADOR,-12.2244359,-76.9443975,1,2,2,1.000,CUBIERTO,0
14225,IEP MI DULCE JESUS,VILLA EL SALVADOR,-12.2231298,-76.9445012,1,2,2,1.000,CUBIERTO,0
14230,IEP PROLOG DE VILLA EL SALVADOR - SECUNDARIA,VILLA EL SALVADOR,-12.2160493,-76.9416789,1,2,2,1.000,CUBIERTO,0
14266,IEP MONTESSORI DE VILLA,VILLA EL SALVADOR,-12.2178136,-76.9358580,1,2,2,1.000,CUBIERTO,0
14297,IEI 552,VILLA MARIA DEL TRIUNFO,-12.1887549,-76.9203599,1,2,2,1.000,CUBIERTO,0
14310,IE 7220,VILLA MARIA DEL TRIUNFO,-12.1313061,-76.9824722,1,2,2,1.000,CUBIERTO,0
14326,IEP SANTA MARIA DEL CAMINO,VILLA MARIA DEL TRIUNFO,-12.1681134,-76.9441962,1,2,2,1.000,CUBIERTO,0
14354,CEP JESUS MI REDENTOR - PRIMARIA,VILLA MARIA DEL TRIUNFO,-12.1372234,-76.9482322,1,2,2,1.000,CUBIERTO,0
14361,IEP MARIA MONTESSORI,VILLA MARIA DEL TRIUNFO,-12.2151473,-76.9090620,1,2,2,1.000,CUBIERTO,0
14412,IEP PROLOG DE NUEVA ESPERANZA,VILLA MARIA DEL TRIUNFO,-12.1711705,-76.9312086,1,2,2,1.000,CUBIERTO,0
17347,IEP ATUSPARIA,MAGDALENA DEL MAR,-12.0943929,-77.0610868,1,2,2,1.000,CUBIERTO,0
17354,IEP CIENCIAS SIGLO XXI,PUENTE PIEDRA,-11.8557874,-77.0666099,1,2,2,1.000,CUBIERTO,0
17359,IEP VIRGEN DEL ROSARIO DEL NARANJAL,SAN MARTIN DE PORRES,-11.9933322,-77.1103454,1,2,2,1.000,CUBIERTO,0
17372,IEP HIRAM BINGHAM,VILLA MARIA DEL TRIUNFO,-12.1572180,-76.9447250,1,2,2,1.000,CUBIERTO,0
17393,IEP MANUEL ASCENCIO SEGURA,LOS OLIVOS,-11.9850450,-77.0715820,1,2,2,1.000,CUBIERTO,0
17984,IEP AL GORE,COMAS,-11.9481440,-77.0510050,1,2,2,1.000,CUBIERTO,0
18035,IEP JESUS OBRERO,SAN JUAN DE MIRAFLORES,-12.1316100,-76.9609754,1,2,2,1.000,CUBIERTO,0
18077,IEP MIGUEL GRAU - PRIMARIA,VILLA MARIA DEL TRIUNFO,-12.1387243,-76.9499459,1,2,2,1.000,CUBIERTO,0
18459,IEP SANTA TERESITA,ATE,-12.0697075,-76.9866563,1,2,2,1.000,CUBIERTO,0
18463,IEP ALBERT EINSTEIN,CARABAYLLO,-11.8738816,-77.0365834,1,2,2,1.000,CUBIERTO,0
18466,IEP LOS INGENIEROS DE SAN MARCOS,CHORRILLOS,-12.2085510,-77.0001903,1,2,2,1.000,CUBIERTO,0
18500,IEP CORAZON DE MARIA MILAGROSA,SAN JUAN DE LURIGANCHO,-11.9593326,-76.9873708,1,2,2,1.000,CUBIERTO,0
27077,IE NUESTRA SEÑORA DE LA PAZ,ANCON,-11.7429778,-77.1571848,1,2,2,1.000,CUBIERTO,0
27179,IEPGPE TTE CRL ALFREDO BONIFAZ FONSECA,RIMAC,-12.0266857,-77.0401756,1,2,2,1.000,CUBIERTO,0
27191,IE CESAR VALLEJO,SAN JUAN DE LURIGANCHO,-11.9372642,-76.9634509,1,2,2,1.000,CUBIERTO,0
27208,IE 2020 SEÑOR DE LOS MILAGROS,SAN MARTIN DE PORRES,-11.9635525,-77.1002310,1,2,2,1.000,CUBIERTO,0
31136,IEP CRISTO REINA I,ATE,-12.0246498,-76.9164498,1,2,2,1.000,CUBIERTO,0
31188,IEP VIRGEN DEL CARMEN DE LUMBRERAS,CARABAYLLO,-11.8308829,-77.0816089,1,2,2,1.000,CUBIERTO,0
31258,IEP GENES DE LOS OLIVOS,LOS OLIVOS,-11.9729003,-77.0762809,1,2,2,1.000,CUBIERTO,0
31279,IEP ENRIQUE NAPOLEON ESPINOSA PRIMARIA,RIMAC,-12.0277531,-77.0347501,1,2,2,1.000,CUBIERTO,0
31353,PONTIFICIA UNIVERSIDAD CATOLICA DEL PERU,SAN MIGUEL,-12.0740787,-77.0835763,1,2,2,1.000,CUBIERTO,0
31383,IEP EL MUNDO NUEVO DE VILLA,VILLA EL SALVADOR,-12.2227060,-76.9502629,1,2,2,1.000,CUBIERTO,0
31781,IEP CRISTO AMIGO - PRIMARIA,VILLA MARIA DEL TRIUNFO,-12.0610420,-77.0303036,1,2,2,1.000,CUBIERTO,0
31977,UNIVERSIDAD NACIONAL FEDERICO VILLARREAL SEDE LOCAL 10,EL AGUSTINO,-12.0418247,-76.9900701,1,2,2,1.000,CUBIERTO,0
32509,IE 8170 CESAR VALLEJO,COMAS,-11.9569242,-77.0007350,1,2,2,1.000,CUBIERTO,0
32536,CONCHA ACUSTICA DEL CAMPO DE MARTE,JESUS MARIA,-12.0667112,-77.0429086,1,2,2,1.000,CUBIERTO,0
32618,IEP JUAN PABLO II,SAN JUAN DE LURIGANCHO,-12.0039935,-77.0020731,1,2,2,1.000,CUBIERTO,0
32634,IEP PARROQUIAL SAN MARTINCITO DE PORRES,SAN JUAN DE MIRAFLORES,-12.1468091,-76.9622976,1,2,2,1.000,CUBIERTO,0
32663,IE PARROQUIAL LOS CAMINANTES,VILLA MARIA DEL TRIUNFO,-12.2012530,-76.9259844,1,2,2,1.000,CUBIERTO,0
32967,ESTADIO BICENTENARIO,LA MOLINA,-12.0787790,-76.9298767,1,2,2,1.000,CUBIERTO,0
32991,IEP MARIA DE LAS MERCEDES,MIRAFLORES,-12.1297584,-77.0103538,1,2,2,1.000,CUBIERTO,0
33020,IEP HONORES SAN MARTIN,SAN MARTIN DE PORRES,-11.9446324,-77.0906941,1,2,2,1.000,CUBIERTO,0
33460,UNIVERSIDAD NACIONAL MAYOR DE SAN MARCOS - FACULTAD DE MEDICINA VETERINARIA,SAN BORJA,-12.0841589,-76.9842183,1,2,2,1.000,CUBIERTO,0
33934,IE 7239 SANTISIMO SALVADOR,LURIN,-12.2778622,-76.8334897,1,2,2,1.000,CUBIERTO,0
34866,IEP SANTISIMA TRINIDAD,LIMA,-12.0517145,-77.0641984,1,2,2,1.000,CUBIERTO,0
34891,IEP SANTO DOMINGO DE GUZMAN - SECUNDARIA,SAN JUAN DE LURIGANCHO,-12.0187939,-77.0102644,1,2,2,1.000,CUBIERTO,0
34917,IEP SANTA MARIA DE JESUS - PRIMARIA,SANTA ANITA,-12.0384461,-76.9569675,1,2,2,1.000,CUBIERTO,0
34926,CAMPO DEPORTIVO EL TANQUE,SANTIAGO DE SURCO,-12.1452636,-76.9906769,1,2,2,1.000,CUBIERTO,0
35049,IEP SANTISIMA VIRGEN DIVINA PASTORA,PACHACAMAC,-12.1094001,-76.8692593,1,2,2,1.000,CUBIERTO,0
35057,IEP HONORES OQUENDO,SAN MARTIN DE PORRES,-11.9811161,-77.0997818,1,2,2,1.000,CUBIERTO,0
35482,IEP COLEGIO MAYOR SISTEMA SAN MARCOS,ATE,-12.0259735,-76.9124981,1,2,2,1.000,CUBIERTO,0
35737,HOSPITAL NACIONAL VICTOR LARCO HERRERA,MAGDALENA DEL MAR,-12.0968625,-77.0678346,1,2,2,1.000,CUBIERTO,0
35741,IEE 1070 MELITON CARVAJAL - ESTADIO,LINCE,-12.0848501,-77.0281957,1,2,2,1.000,CUBIERTO,0
35748,ESTACIONAMIENTO 2 - UNIVERSIDAD DE LIMA,SANTIAGO DE SURCO,-12.0869706,-76.9699893,1,2,2,1.000,CUBIERTO,0
40526,BIBLIOTECA NACIONAL DEL PERÚ,SAN BORJA,-12.0874593,-77.0054269,1,2,2,1.000,CUBIERTO,0
40995,ESTADIO MUNICIPAL CARLOS A. MOSCOSO 2,SURQUILLO,-12.1136997,-77.0116409,1,2,2,1.000,CUBIERTO,0
41051,CLUB LAWN TENNIS DE LA EXPOSICION,JESUS MARIA,-12.0648201,-77.0383516,1,2,2,1.000,CUBIERTO,0
50282,IEP MI AMIGO JESÚS,PUENTE PIEDRA,-11.8303523,-77.1152493,1,2,2,1.000,CUBIERTO,0
50341,IEP ROSA DE LA MERCED,ATE,-12.0397430,-76.9199419,1,2,2,1.000,CUBIERTO,0
50351,IEP SAN BASILIO,ATE,-12.0601572,-76.9411250,1,2,2,1.000,CUBIERTO,0
50355,IEI 59 SANTA LUCIA,CHORRILLOS,-12.1957047,-76.9795006,1,2,2,1.000,CUBIERTO,0
50360,UNIVERSIDAD INTERAMERICANA DE DESARROLLO,BREÑA,-12.0563504,-77.0445166,1,2,2,1.000,CUBIERTO,0
50367,IEP CANTOR COLLEGE,COMAS,-11.9655637,-77.0612359,1,2,2,1.000,CUBIERTO,0
50373,IEP JESUCRISTO REY DE REYES,COMAS,-11.9107357,-77.0425540,1,2,2,1.000,CUBIERTO,0
50382,IEP TÉCNICO PERUANO CHINO SAN FRANCISCO DE ASIS,ATE,-12.0190806,-76.8209756,1,2,2,1.000,CUBIERTO,0
50461,IEP ANNA JARVIS,ATE,-12.0118584,-76.8219065,1,2,2,1.000,CUBIERTO,0
50473,COLEGIO PAMER CHORRILLOS,CHORRILLOS,-12.1952138,-77.0101207,1,2,2,1.000,CUBIERTO,0
50489,IEP IVAN PAVLOV,COMAS,-11.9243910,-77.0438300,1,2,2,1.000,CUBIERTO,0
50495,IEP PAUL GROUSSAC - PRIMARIA,COMAS,-11.9470670,-77.0511095,1,2,2,1.000,CUBIERTO,0
50520,IEP NEIL ARMSTRONG,SAN MARTIN DE PORRES,-11.9932783,-77.1112242,1,2,2,1.000,CUBIERTO,0
50540,IEP NUESTRA SEÑORA DEL CARMEN,SAN MIGUEL,-12.0680193,-77.0941416,1,2,2,1.000,CUBIERTO,0
50548,IEP UNIVERSITY SANTA ANITA,SANTA ANITA,-12.0432756,-76.9724011,1,2,2,1.000,CUBIERTO,0
50551,IEP SAN ANTONIO MARIA CLARET,SANTA ROSA,-11.7908661,-77.1557063,1,2,2,1.000,CUBIERTO,0
50563,IEP VIÑA ALTA (GESTIÓN COMUNAL),LA MOLINA,-12.0820196,-76.9282340,1,2,2,1.000,CUBIERTO,0
50564,IEP JORGE POLAR,PUEBLO LIBRE,-12.0719407,-77.0727930,1,2,2,1.000,CUBIERTO,0
50597,IEP PAUL GROUSSAC,COMAS,-12.0420352,-76.9827700,1,2,2,1.000,CUBIERTO,0
50736,IEP DIVINA SANTA RITA DE CASIA,PUNTA NEGRA,-12.3703556,-76.7881107,1,2,2,1.000,CUBIERTO,0
50816,IEP SAN MATEO,SAN JUAN DE LURIGANCHO,-11.9685314,-76.9896783,1,2,2,1.000,CUBIERTO,0
50939,IEP NAZARENO,SAN LUIS,-12.0764087,-77.0010266,1,2,2,1.000,CUBIERTO,0
50946,IEP DANIEL COMBONI,SAN MARTIN DE PORRES,-11.9897947,-77.1048166,1,2,2,1.000,CUBIERTO,0
51072,IEP JESUS DIVINO MAESTRO,SAN JUAN DE LURIGANCHO,-11.9394825,-77.0024664,1,2,2,1.000,CUBIERTO,0
51223,IEP SANTISIMA VIRGEN DE GUADALUPE DE LAS AMERICAS,ATE,-12.0340867,-76.9045215,1,2,2,1.000,CUBIERTO,0
51241,IE MIGUEL GRAU SEMINARIO,LURIN,-12.1124420,-77.0123534,1,2,2,1.000,CUBIERTO,0
51331,IEI 0386 VICTOR RAUL HAYA DE LA TORRE,INDEPENDENCIA,-12.0647413,-77.0456666,1,2,2,1.000,CUBIERTO,0
51422,IEP SANTA TERESITA DE ALENZON,SAN JUAN DE LURIGANCHO,-11.9813422,-76.9953807,1,2,2,1.000,CUBIERTO,0
51423,INSTITUTO SUPERIOR CEPEA,PUEBLO LIBRE,-12.0725642,-77.0519907,1,2,2,1.000,CUBIERTO,0
51553,IE 7218 PAPA JUAN PABLO II,VILLA MARIA DEL TRIUNFO,-12.1557991,-76.9878194,1,2,2,1.000,CUBIERTO,0
51658,IE 3023 PEDRO PAULET MOSTAJO,SAN MARTIN DE PORRES,-12.0250840,-77.0537470,1,2,2,1.000,CUBIERTO,0
51758,IEP PAULO FREIRE,SAN JUAN DE MIRAFLORES,-12.1484597,-76.9764902,1,2,2,1.000,CUBIERTO,0
51770,IEP NUESTRA SEÑORA DE LAS MERCEDES DEL BOSQUE - SECUNDARIA,RIMAC,-12.0258295,-77.0314967,1,2,2,1.000,CUBIERTO,0
51838,IEP SAN RAFAEL - PRIMARIA,SAN JUAN DE LURIGANCHO,-11.9764819,-77.0055362,1,2,2,1.000,CUBIERTO,0
51973,IEP SAGRADO CORAZON,SAN JUAN DE LURIGANCHO,-11.9807872,-76.9799096,1,2,2,1.000,CUBIERTO,0
52080,IEP JESÚS DE NAZARETH - BELEN,LURIGANCHO,-11.9955637,-77.1123665,1,2,2,1.000,CUBIERTO,0
52358,IEP SACO OLIVEROS DE ATE,ATE,-12.0521247,-76.9529613,1,2,2,1.000,CUBIERTO,0
52460,IEP SACO OLIVEROS - CIPRESES ELIO,LIMA,-12.0435050,-77.0729424,1,2,2,1.000,CUBIERTO,0
52469,IEP SACO OLIVEROS DE SALAMANCA,ATE,-12.0799593,-76.9801251,1,2,2,1.000,CUBIERTO,0
52590,IEP SACO OLIVEROS DE SANTA ISABEL,CHORRILLOS,-12.1708447,-76.9951595,1,2,2,1.000,CUBIERTO,0
52595,COLEGIO SACO OLIVEROS DE SAN MIGUEL,SAN MIGUEL,-12.0577142,-77.1441605,1,2,2,1.000,CUBIERTO,0
52730,IEP  PROLOG,COMAS,-11.9157050,-77.0769622,1,2,2,1.000,CUBIERTO,0
52738,IEP CRISTO LIBERTADOR,EL AGUSTINO,-12.0350041,-76.9998981,1,2,2,1.000,CUBIERTO,0
52749,IEP SANTO DOMINGO DE GUZMAN,CARABAYLLO,-11.8848639,-77.0395009,1,2,2,1.000,CUBIERTO,0
52766,IE TECNICO FAP MANUEL POLO JIMENEZ - PRIMARIA,SANTIAGO DE SURCO,-12.1493311,-76.9923183,1,2,2,1.000,CUBIERTO,0
52852,IEP LA FE DE MARIA,COMAS,-11.9346105,-77.0448150,1,2,2,1.000,CUBIERTO,0
52886,IEP INNOVA SCHOOLS SURCO - AMBROSIO,SANTIAGO DE SURCO,-12.1415231,-77.0128660,1,2,2,1.000,CUBIERTO,0
52888,IEP JUAN PABLO II,CARABAYLLO,-11.9750447,-77.0730361,1,2,2,1.000,CUBIERTO,0
52891,IEP VASILI SUJOMLINSKY,SAN JUAN DE LURIGANCHO,-12.0170349,-76.9875527,1,2,2,1.000,CUBIERTO,0
52953,COLEGIO VIRGEN DE LA ASUNCION,SANTIAGO DE SURCO,-12.1404566,-76.9831013,1,2,2,1.000,CUBIERTO,0
52964,IEE 1182 - EL BOSQUE,SAN JUAN DE LURIGANCHO,-11.9804712,-76.9979524,1,2,2,1.000,CUBIERTO,0
53158,ESTADIO MUNICIPAL CARLOS A. MOSCOSO 2B,SURQUILLO,-12.1136997,-77.0116409,1,2,2,1.000,CUBIERTO,0
53213,CEP NUESTRA SEÑORA DE MONSERRAT,LOS OLIVOS,-11.9790264,-77.0902580,1,2,2,1.000,CUBIERTO,0
53231,IE 7070 DRA MARIA REICHE GROSSE NEUMAN,SAN JUAN DE MIRAFLORES,-12.1675168,-76.9726678,1,2,2,1.000,CUBIERTO,0
53253,IEP CAMINITOS DEL SABER,CIENEGUILLA,-11.9340245,-76.9656629,1,2,2,1.000,CUBIERTO,0
53262,IE B.F SKINNER,LA MOLINA,-12.0858347,-76.9075621,1,2,2,1.000,CUBIERTO,0
53311,IEP DANTE ALIGHIERI,SAN MARTIN DE PORRES,-11.9606209,-77.1035769,1,2,2,1.000,CUBIERTO,0
53450,IEP CARDANO VIETA INGENIEROS,SAN MARTIN DE PORRES,-11.9951260,-77.1122282,1,2,2,1.000,CUBIERTO,0
53721,IEP GUILLERMO SHAKESPEARE,SAN JUAN DE LURIGANCHO,-11.9443973,-76.9780282,1,2,2,1.000,CUBIERTO,0
53750,IEI CUNA JARDIN PADRE CARLOS,SAN JUAN DE LURIGANCHO,-11.9977914,-77.0131472,1,2,2,1.000,CUBIERTO,0
53774,IEP SAN FRANCISCO,COMAS,-11.9148610,-77.0278070,1,2,2,1.000,CUBIERTO,0
53857,IE EMBLEMATICA ALFONSO UGARTE - ESTADIO,SAN ISIDRO,-12.1008172,-77.0288513,1,2,2,1.000,CUBIERTO,0
53998,IE EMBLEMATICA GENERAL FELIPE SANTIAGO SALAVERRY,LA VICTORIA,-12.0672930,-77.0209122,1,2,2,1.000,CUBIERTO,0
54006,IEP VIRGEN DE LA PUERTA,PACHACAMAC,-12.1094386,-76.8758419,1,2,2,1.000,CUBIERTO,0
54039,IEP SACO OLIVEROS - MONTERRICO,SANTIAGO DE SURCO,-12.1144233,-76.9773694,1,2,2,1.000,CUBIERTO,0
54055,IEP LIBERTADOR SAN MARTIN,SAN BORJA,-12.1002621,-77.0011762,1,2,2,1.000,CUBIERTO,0
54061,IEP SANTIAGO ANTUNEZ DE MAYOLO,LURIGANCHO,-12.0052368,-76.9140474,1,2,2,1.000,CUBIERTO,0
54098,CEPRE UNI,MAGDALENA DEL MAR,-12.0932746,-77.0615040,1,2,2,1.000,CUBIERTO,0
54150,IE 1111 JOSE ANTONIO ENCINAS,LA VICTORIA,-12.0662549,-77.0112663,1,2,2,1.000,CUBIERTO,0
54154,COLEGIO TRENER 1 SURCO,SANTIAGO DE SURCO,-12.1216588,-76.9768512,1,2,2,1.000,CUBIERTO,0
54274,CENTRO DE IDIOMAS VIRGEN DE LAS MERCEDES - CIVIME,LIMA,-12.0751790,-77.0360750,1,2,2,1.000,CUBIERTO,0
54281,IEP TECHNOLOGY SCHOOLS DE INDEPENDENCIA,INDEPENDENCIA,-11.9818375,-77.0488441,1,2,2,1.000,CUBIERTO,0
54287,IEI 56 NUESTRA SEÑORA MARIA AUXILIADORA,LA VICTORIA,-12.0854596,-77.0226216,1,2,2,1.000,CUBIERTO,0
54347,IEP SANTISIMO CORAZON DE JESUS,PUENTE PIEDRA,-11.9917016,-77.1060030,1,2,2,1.000,CUBIERTO,0
54350,COLEGIO COOPERATIVO SANTA FELICIA,LA MOLINA,-12.0628327,-76.9551692,1,2,2,1.000,CUBIERTO,0
54400,IEP SAN ANDRES,LOS OLIVOS,-11.9594191,-77.0758923,1,2,2,1.000,CUBIERTO,0
54405,IEP PROLOG DE DELICIAS,CHORRILLOS,-12.1958321,-76.9884982,1,2,2,1.000,CUBIERTO,0
54427,CEPD EL BUEN PASTOR,LOS OLIVOS,-11.9953911,-77.0695104,1,2,2,1.000,CUBIERTO,0
54430,IEP SAN ANTONIO DE PADUA - PRIMARIA,SAN JUAN DE LURIGANCHO,-11.9475252,-76.9800991,1,2,2,1.000,CUBIERTO,0
54493,IE FRANCISCO BOLOGNESI CERVANTES - PRIMARIA,SAN JUAN DE LURIGANCHO,-11.9703218,-77.0085695,1,2,2,1.000,CUBIERTO,0
54499,CENTRO PREUNIVERSITARIO DE LA UNMSM CENTRO DE IDIOMAS Y EP DE INGENIERIA AGROINDUSTRIAL,SAN JUAN DE LURIGANCHO,-11.9574488,-76.9862702,1,2,2,1.000,CUBIERTO,0
54507,IEP COLEGIO SAN FELIPE,JESUS MARIA,-12.0887039,-77.0564392,1,2,2,1.000,CUBIERTO,0
54533,ESTADIO JULIO MONTJOY,SANTIAGO DE SURCO,-12.1479759,-77.0035193,1,2,2,1.000,CUBIERTO,0
54585,IE LICEO NAVAL CONTALMIRANTE MONTERO,SAN MIGUEL,-12.0619370,-77.0915712,1,2,2,1.000,CUBIERTO,0
54594,CENTRO DE CONVENCIONES PARQUE DE LA AMISTAD,SANTIAGO DE SURCO,-12.1320404,-76.9809744,1,2,2,1.000,CUBIERTO,0
54654,IEP GENES GAMARRA,SAN MARTIN DE PORRES,-11.9752942,-77.1050592,1,2,2,1.000,CUBIERTO,0
54676,COMPLEJO DEPORTIVO TUPAC AMARU,PUEBLO LIBRE,-12.0737547,-77.0729106,1,2,2,1.000,CUBIERTO,0
54709,IEI MINISTERIO DE TRANSPORTES Y COMUNICACIONES,SAN BORJA,-12.0855999,-76.9988405,1,2,2,1.000,CUBIERTO,0
54780,IEP INNOVA SCHOOLS - CHORRILLOS LOS FAISANES,CHORRILLOS,-12.1776150,-76.9994908,1,2,2,1.000,CUBIERTO,0
54784,IEP INNOVA SCHOOLS - CHORRILLOS LA CAMPIÑA,CHORRILLOS,-12.1782567,-77.0037614,1,2,2,1.000,CUBIERTO,0
54790,IEP INNOVA SCHOOLS - ATE MAYORAZGO,ATE,-12.0987745,-76.9622004,1,2,2,1.000,CUBIERTO,0
54791,IEP INNOVA SCHOOLS - SEDE SAN MIGUEL 1,SAN MIGUEL,-12.0577142,-77.1441605,1,2,2,1.000,CUBIERTO,0
54794,BIBLIOTECA PLAZA BICENTENARIO,LA MOLINA,-12.1047798,-76.9417077,1,2,2,1.000,CUBIERTO,0
54795,IEP INNOVA SCHOOLS - ATE SANTA MARIA,ATE,-12.0276518,-76.8894797,1,2,2,1.000,CUBIERTO,0
54797,IEP INNOVA SCHOOLS - SAN JUAN DE MIRAFLORES,SAN JUAN DE MIRAFLORES,-12.1744057,-76.9764868,1,2,2,1.000,CUBIERTO,0
54803,IEP INNOVA SCHOOLS BERTELLO,LIMA,-12.0626159,-77.0625679,1,2,2,1.000,CUBIERTO,0
54809,IEP INNOVA SCHOOLS SEDE VILLA SOL,LOS OLIVOS,-12.0605925,-77.0636232,1,2,2,1.000,CUBIERTO,0
54810,IEP INNOVA SCHOOLS SJL ARABISCOS,SAN JUAN DE LURIGANCHO,-12.0151413,-77.0051905,1,2,2,1.000,CUBIERTO,0
54814,IEP INNOVA SCHOOLS SEDE CONDORCANQUI,COMAS,-11.9002730,-77.0615160,1,2,2,1.000,CUBIERTO,0
54815,IEP INNOVA SCHOOLS SEDE RETABLO,COMAS,-11.9345735,-77.0570143,1,2,2,1.000,CUBIERTO,0
54821,IEP INNOVA SCHOOLS - SEDE CAMPOY,SAN JUAN DE LURIGANCHO,-12.0215926,-76.9615872,1,2,2,1.000,CUBIERTO,0
54844,ESTACIONAMIENTO PETROPERU,SAN ISIDRO,-12.1001300,-77.0236725,1,2,2,1.000,CUBIERTO,0
54863,UNIVERSIDAD TECNOLOGICA DEL PERU - ESCUELA DE POSTGRADO,SAN ISIDRO,-12.0906373,-77.0517970,1,2,2,1.000,CUBIERTO,0
54879,COLEGIO MEDICO DEL PERU,MIRAFLORES,-12.1283146,-77.0263718,1,2,2,1.000,CUBIERTO,0
55113,CAMARA DE COMERCIO DE LIMA,JESUS MARIA,-12.0831295,-77.0515219,1,2,2,1.000,CUBIERTO,0
55416,IE 048 SAN JUAN BOSCO,EL AGUSTINO,-12.0600776,-77.0027588,1,2,2,1.000,CUBIERTO,0
55443,I.E.INDEPENDENCIA,INDEPENDENCIA,-11.9977117,-77.0524183,1,2,2,1.000,CUBIERTO,0